curve,tenor,coupon_bp,isda_clean_upfront_pct,textbook_upfront_pct,diff_bp,isda_par_spread_bp,textbook_par_spread_bp,diff_par_bp
IG_flat,1Y,100.0,-0.3769931874,-0.3704204855,-0.6572701904,50.0,50.4206786628,-0.4206786628
IG_flat,5Y,100.0,-0.420378628,-0.3840203206,-3.6358307424,90.0,90.7275504505,-0.7275504505
IG_flat,10Y,100.0,1.4755868894,1.5107542077,-3.5167318299,120.0,120.9639853728,-0.9639853728
HY_steep,1Y,500.0,-2.2479900385,-2.2132446351,-3.4745403425,200.0,201.6888330132,-1.6888330132
HY_steep,5Y,500.0,0.0,0.1508023439,-15.0802343863,500.0,504.0875018396,-4.0875018396
HY_steep,10Y,500.0,5.8572390325,5.8867416885,-2.950265608,600.0,604.888966127,-4.888966127
distressed_inverted,1Y,500.0,11.5475324414,11.6236982687,-7.616582731,2200.0,2219.4886782155,-19.4886782155
distressed_inverted,5Y,500.0,20.5778175965,21.9691934509,-139.1375854369,1200.0000000003,1209.9879904368,-9.9879904366
distressed_inverted,10Y,500.0,20.7308141296,22.1807148481,-144.9900718549,950.0,957.8114641705,-7.8114641705
