curve,t_years,hazard_pct,survival_prob
IG_flat,0.0,0.7564563287065295,1.0
IG_flat,0.08333333333333333,0.7564563287065295,0.9993698183739793
IG_flat,0.16666666666666666,0.7564563287065295,0.9987400338768404
IG_flat,0.25,0.7564563287065295,0.99811064625832
IG_flat,0.3333333333333333,0.8854540725442175,0.9973911770707244
IG_flat,0.4166666666666667,0.8854540725442175,0.9966554951262955
IG_flat,0.5,0.8854540725442175,0.9959203558254509
IG_flat,0.5833333333333334,0.8854540725442175,0.9951857587679334
IG_flat,0.6666666666666666,0.8854540725442175,0.994451703553781
IG_flat,0.75,0.8854540725442175,0.9937181897833265
IG_flat,0.8333333333333334,1.141963318555554,0.9928026336050708
IG_flat,0.9166666666666666,1.141963318555554,0.9918582961840088
IG_flat,1.0,1.141963318555554,0.9909148570010603
IG_flat,1.0833333333333333,1.141963318555554,0.9899723152018363
IG_flat,1.1666666666666667,1.141963318555554,0.9890306699327601
IG_flat,1.25,1.141963318555554,0.9880899203410672
IG_flat,1.3333333333333333,1.141963318555554,0.9871500655748041
IG_flat,1.4166666666666667,1.141963318555554,0.9862111047828277
IG_flat,1.5,1.141963318555554,0.9852730371148043
IG_flat,1.5833333333333333,1.141963318555554,0.9843358617212092
IG_flat,1.6666666666666667,1.141963318555554,0.983399577753326
IG_flat,1.75,1.141963318555554,0.9824641843632451
IG_flat,1.8333333333333333,1.4972273011330046,0.9812892808167469
IG_flat,1.9166666666666667,1.4972273011330046,0.980065700048577
IG_flat,2.0,1.4972273011330046,0.9788436449771871
IG_flat,2.0833333333333335,1.4972273011330046,0.977623113700169
IG_flat,2.1666666666666665,1.4972273011330046,0.9764041043174858
IG_flat,2.25,1.4972273011330046,0.9751866149314703
IG_flat,2.3333333333333335,1.4972273011330046,0.9739706436468214
IG_flat,2.4166666666666665,1.4972273011330046,0.9727561885706011
IG_flat,2.5,1.4972273011330046,0.971543247812232
IG_flat,2.5833333333333335,1.4972273011330046,0.9703318194834938
IG_flat,2.6666666666666665,1.4972273011330046,0.969121901698521
IG_flat,2.75,1.4972273011330046,0.9679134925737991
IG_flat,2.8333333333333335,1.8652801668578554,0.9664612986651033
IG_flat,2.9166666666666665,1.8652801668578554,0.9649601980458208
IG_flat,3.0,1.8652801668578554,0.9634614289250394
IG_flat,3.0833333333333335,1.8652801668578554,0.9619649876814926
IG_flat,3.1666666666666665,1.8652801668578554,0.9604708706995387
IG_flat,3.25,1.8652801668578554,0.9589790743691515
IG_flat,3.3333333333333335,1.8652801668578554,0.9574895950859119
IG_flat,3.4166666666666665,1.8652801668578554,0.9560024292509992
IG_flat,3.5,1.8652801668578554,0.9545175732711826
IG_flat,3.5833333333333335,1.8652801668578554,0.9530350235588119
IG_flat,3.6666666666666665,1.8652801668578554,0.9515547765318093
IG_flat,3.75,1.8652801668578554,0.9500768286136608
IG_flat,3.8333333333333335,2.24800125256454,0.9483508873386295
IG_flat,3.9166666666666665,2.24800125256454,0.94657597204378
IG_flat,4.0,2.24800125256454,0.9448043786462851
IG_flat,4.083333333333333,2.24800125256454,0.9430361009289455
IG_flat,4.166666666666667,2.24800125256454,0.9412711326861981
IG_flat,4.25,2.24800125256454,0.9395094677240937
IG_flat,4.333333333333333,2.24800125256454,0.9377510998602758
IG_flat,4.416666666666667,2.24800125256454,0.9359960229239586
IG_flat,4.5,2.24800125256454,0.9342442307559055
IG_flat,4.583333333333333,2.24800125256454,0.9324957172084072
IG_flat,4.666666666666667,2.24800125256454,0.9307504761452605
IG_flat,4.75,2.24800125256454,0.9290085014417468
IG_flat,4.833333333333333,2.5150823663815682,0.9270990442891439
IG_flat,4.916666666666667,2.5150823663815682,0.925157970434816
IG_flat,5.0,2.5150823663815682,0.9232209606206044
IG_flat,5.083333333333333,2.5150823663815682,0.9212880063375999
IG_flat,5.166666666666667,2.5150823663815682,0.9193590990947076
IG_flat,5.25,2.5150823663815682,0.9174342304186109
IG_flat,5.333333333333333,2.5150823663815682,0.9155133918537341
IG_flat,5.416666666666667,2.5150823663815682,0.9135965749622045
IG_flat,5.5,2.5150823663815682,0.9116837713238161
IG_flat,5.583333333333333,2.5150823663815682,0.9097749725359923
IG_flat,5.666666666666667,2.5150823663815682,0.9078701702137488
IG_flat,5.75,2.5150823663815682,0.9059693559896577
IG_flat,5.833333333333333,2.5150823663815682,0.9040725215138091
IG_flat,5.916666666666667,2.5150823663815682,0.9021796584537761
IG_flat,6.0,2.5150823663815682,0.9002907584945772
IG_flat,6.083333333333333,2.5150823663815682,0.8984058133386399
IG_flat,6.166666666666667,2.5150823663815682,0.8965248147057646
IG_flat,6.25,2.5150823663815682,0.8946477543330879
IG_flat,6.333333333333333,2.5150823663815682,0.8927746239750465
IG_flat,6.416666666666667,2.5150823663815682,0.8909054154033408
IG_flat,6.5,2.5150823663815682,0.8890401204068988
IG_flat,6.583333333333333,2.5150823663815682,0.8871787307918404
IG_flat,6.666666666666667,2.5150823663815682,0.8853212383814407
IG_flat,6.75,2.5150823663815682,0.8834676350160947
IG_flat,6.833333333333333,2.8180219927491605,0.881441098481911
IG_flat,6.916666666666667,2.8180219927491605,0.8793735933792177
IG_flat,7.0,2.8180219927491605,0.8773109378091332
IG_flat,7.083333333333333,2.8180219927491605,0.8752531203966109
IG_flat,7.166666666666667,2.8180219927491605,0.8732001297932854
IG_flat,7.25,2.8180219927491605,0.8711519546774107
IG_flat,7.333333333333333,2.8180219927491605,0.8691085837537963
IG_flat,7.416666666666667,2.8180219927491605,0.8670700057537459
IG_flat,7.5,2.8180219927491605,0.8650362094349953
IG_flat,7.583333333333333,2.8180219927491605,0.8630071835816495
IG_flat,7.666666666666667,2.8180219927491605,0.8609829170041221
IG_flat,7.75,2.8180219927491605,0.8589633985390727
IG_flat,7.833333333333333,2.8180219927491605,0.8569486170493454
IG_flat,7.916666666666667,2.8180219927491605,0.8549385614239079
IG_flat,8.0,2.8180219927491605,0.8529332205777896
IG_flat,8.083333333333334,2.8180219927491605,0.850932583452021
IG_flat,8.166666666666666,2.8180219927491605,0.8489366390135725
IG_flat,8.25,2.8180219927491605,0.8469453762552933
IG_flat,8.333333333333334,2.8180219927491605,0.844958784195851
IG_flat,8.416666666666666,2.8180219927491605,0.8429768518796712
IG_flat,8.5,2.8180219927491605,0.8409995683768766
IG_flat,8.583333333333334,2.8180219927491605,0.839026922783227
IG_flat,8.666666666666666,2.8180219927491605,0.8370589042200594
IG_flat,8.75,2.8180219927491605,0.8350955018342273
IG_flat,8.833333333333334,2.8180219927491605,0.8331367047980419
IG_flat,8.916666666666666,2.8180219927491605,0.8311825023092113
IG_flat,9.0,2.8180219927491605,0.8292328835907816
IG_flat,9.083333333333334,2.8180219927491605,0.8272878378910772
IG_flat,9.166666666666666,2.8180219927491605,0.8253473544836418
IG_flat,9.25,2.8180219927491605,0.8234114226671787
IG_flat,9.333333333333334,2.8180219927491605,0.8214800317654926
IG_flat,9.416666666666666,2.8180219927491605,0.8195531711274296
IG_flat,9.5,2.8180219927491605,0.8176308301268198
IG_flat,9.583333333333334,2.8180219927491605,0.8157129981624175
IG_flat,9.666666666666666,2.8180219927491605,0.8137996646578435
IG_flat,9.75,2.8180219927491605,0.8118908190615264
IG_flat,9.833333333333334,2.8180219927491605,0.8099864508466446
IG_flat,9.916666666666666,2.8180219927491605,0.8080865495110681
IG_flat,10.0,2.8180219927491605,0.8061911045773007
HY_steep,0.0,2.017257387381156,1.0
HY_steep,0.08333333333333333,2.017257387381156,0.9983203643466547
HY_steep,0.16666666666666666,2.017257387381156,0.9966435498692374
HY_steep,0.25,2.017257387381156,0.9949695518292003
HY_steep,0.3333333333333333,3.053053164975733,0.9925751423619047
HY_steep,0.4166666666666667,3.053053164975733,0.9900530315468242
HY_steep,0.5,3.053053164975733,0.9875373293578439
HY_steep,0.5833333333333334,3.053053164975733,0.9850280195107906
HY_steep,0.6666666666666666,3.053053164975733,0.9825250857628692
HY_steep,0.75,3.053053164975733,0.9800285119125574
HY_steep,0.8333333333333334,5.133993204781937,0.9760810622972429
HY_steep,0.9166666666666666,5.133993204781937,0.971913988090266
HY_steep,1.0,5.133993204781937,0.9677647039092584
HY_steep,1.0833333333333333,5.133993204781937,0.9636331338052428
HY_steep,1.1666666666666667,5.133993204781937,0.9595192021534829
HY_steep,1.25,5.133993204781937,0.9554228336520978
HY_steep,1.3333333333333333,5.133993204781937,0.9513439533206853
HY_steep,1.4166666666666667,5.133993204781937,0.9472824864989482
HY_steep,1.5,5.133993204781937,0.9432383588453286
HY_steep,1.5833333333333333,5.133993204781937,0.9392114963356463
HY_steep,1.6666666666666667,5.133993204781937,0.9352018252617446
HY_steep,1.75,5.133993204781937,0.9312092722301407
HY_steep,1.8333333333333333,7.293708800764385,0.9258540303193418
HY_steep,1.9166666666666667,7.293708800764385,0.9202436729806914
HY_steep,2.0,7.293708800764385,0.914667312480027
HY_steep,2.0833333333333335,7.293708800764385,0.9091247428081901
HY_steep,2.1666666666666665,7.293708800764385,0.9036157592043674
HY_steep,2.25,7.293708800764385,0.8981401581485252
HY_steep,2.3333333333333335,7.293708800764385,0.8926977373538918
HY_steep,2.4166666666666665,7.293708800764385,0.8872882957594835
HY_steep,2.5,7.293708800764385,0.8819116335226774
HY_steep,2.5833333333333335,7.293708800764385,0.876567552011828
HY_steep,2.6666666666666665,7.293708800764385,0.8712558537989292
HY_steep,2.75,7.293708800764385,0.8659763426523213
HY_steep,2.8333333333333335,8.689566351840211,0.8599008216839614
HY_steep,2.9166666666666665,8.689566351840211,0.853696508087735
HY_steep,3.0,8.689566351840211,0.8475369595460703
HY_steep,3.0833333333333335,8.689566351840211,0.8414218530723744
HY_steep,3.1666666666666665,8.689566351840211,0.8353508680104511
HY_steep,3.25,8.689566351840211,0.8293236860176868
HY_steep,3.3333333333333335,8.689566351840211,0.8233399910483579
HY_steep,3.4166666666666665,8.689566351840211,0.8173994693370579
HY_steep,3.5,8.689566351840211,0.811501809382245
HY_steep,3.5833333333333335,8.689566351840211,0.805646701929908
HY_steep,3.6666666666666665,8.689566351840211,0.7998338399573492
HY_steep,3.75,8.689566351840211,0.7940629186570866
HY_steep,3.8333333333333335,10.851142877304445,0.7871595764588207
HY_steep,3.9166666666666665,10.851142877304445,0.7800736780896462
HY_steep,4.0,10.851142877304445,0.7730515659681397
HY_steep,4.083333333333333,10.851142877304445,0.7660926658995868
HY_steep,4.166666666666667,10.851142877304445,0.7591964088580917
HY_steep,4.25,10.851142877304445,0.7523622309400491
HY_steep,4.333333333333333,10.851142877304445,0.7455895733180332
HY_steep,4.416666666666667,10.851142877304445,0.7388778821951035
HY_steep,4.5,10.851142877304445,0.7322266087595205
HY_steep,4.583333333333333,10.851142877304445,0.7256352091398696
HY_steep,4.666666666666667,10.851142877304445,0.7191031443605893
HY_steep,4.75,10.851142877304445,0.7126298802978996
HY_steep,4.833333333333333,10.616480898401988,0.7063291616716454
HY_steep,4.916666666666667,10.616480898401988,0.7001077810271229
HY_steep,5.0,10.616480898401988,0.693941198597405
HY_steep,5.083333333333333,10.616480898401988,0.6878289317172255
HY_steep,5.166666666666667,10.616480898401988,0.6817705019726562
HY_steep,5.25,10.616480898401988,0.675765435163662
HY_steep,5.333333333333333,10.616480898401988,0.669813261266984
HY_steep,5.416666666666667,10.616480898401988,0.6639135143993499
HY_steep,5.5,10.616480898401988,0.6580657327810098
HY_steep,5.583333333333333,10.616480898401988,0.6522694586995915
HY_steep,5.666666666666667,10.616480898401988,0.646524238474275
HY_steep,5.75,10.616480898401988,0.6408296224202824
HY_steep,5.833333333333333,10.616480898401988,0.6351851648136806
HY_steep,5.916666666666667,10.616480898401988,0.629590423856494
HY_steep,6.0,10.616480898401988,0.6240449616421243
HY_steep,6.083333333333333,10.616480898401988,0.6185483441210756
HY_steep,6.166666666666667,10.616480898401988,0.6131001410669799
HY_steep,6.25,10.616480898401988,0.6076999260429239
HY_steep,6.333333333333333,10.616480898401988,0.6023472763680705
HY_steep,6.416666666666667,10.616480898401988,0.5970417730845755
HY_steep,6.5,10.616480898401988,0.5917830009247953
HY_steep,6.583333333333333,10.616480898401988,0.5865705482787832
HY_steep,6.666666666666667,10.616480898401988,0.5814040071620722
HY_steep,6.75,10.616480898401988,0.5762829731837421
HY_steep,6.833333333333333,10.586268556555536,0.5712184718293516
HY_steep,6.916666666666667,10.586268556555536,0.5662014075736568
HY_steep,7.0,10.586268556555536,0.5612284086537085
HY_steep,7.083333333333333,10.586268556555536,0.5562990880396192
HY_steep,7.166666666666667,10.586268556555536,0.5514130621008205
HY_steep,7.25,10.586268556555536,0.5465699505762064
HY_steep,7.333333333333333,10.586268556555536,0.5417693765445388
HY_steep,7.416666666666667,10.586268556555536,0.5370109663951141
HY_steep,7.5,10.586268556555536,0.5322943497986853
HY_steep,7.583333333333333,10.586268556555536,0.5276191596786413
HY_steep,7.666666666666667,10.586268556555536,0.5229850321824382
HY_steep,7.75,10.586268556555536,0.5183916066532832
HY_steep,7.833333333333333,10.586268556555536,0.5138385256020643
HY_steep,7.916666666666667,10.586268556555536,0.50932543467953
HY_steep,8.0,10.586268556555536,0.50485198264871
HY_steep,8.083333333333334,10.586268556555536,0.5004178213575812
HY_steep,8.166666666666666,10.586268556555536,0.4960226057119712
HY_steep,8.25,10.586268556555536,0.49166599364870167
HY_steep,8.333333333333334,10.586268556555536,0.4873476461089665
HY_steep,8.416666666666666,10.586268556555536,0.4830672270119442
HY_steep,8.5,10.586268556555536,0.4788244032286418
HY_steep,8.583333333333334,10.586268556555536,0.474618844555969
HY_steep,8.666666666666666,10.586268556555536,0.4704502236910396
HY_steep,8.75,10.586268556555536,0.4663182162056986
HY_steep,8.833333333333334,10.586268556555536,0.4622225005212732
HY_steep,8.916666666666666,10.586268556555536,0.4581627578835458
HY_steep,9.0,10.586268556555536,0.454138672337946
HY_steep,9.083333333333334,10.586268556555536,0.45014993070496173
HY_steep,9.166666666666666,10.586268556555536,0.44619622255576513
HY_steep,9.25,10.586268556555536,0.4422772401880532
HY_steep,9.333333333333334,10.586268556555536,0.4383926786021006
HY_steep,9.416666666666666,10.586268556555536,0.4345422354770227
HY_steep,9.5,10.586268556555536,0.4307256111472464
HY_steep,9.583333333333334,10.586268556555536,0.4269425085791896
HY_steep,9.666666666666666,10.586268556555536,0.4231926333481427
HY_steep,9.75,10.586268556555536,0.41947569361535586
HY_steep,9.833333333333334,10.586268556555536,0.4157914001053254
HY_steep,9.916666666666666,10.586268556555536,0.4121394660832812
HY_steep,10.0,10.586268556555536,0.4085196073328708
distressed_inverted,0.0,31.534459554124155,1.0
distressed_inverted,0.08333333333333333,31.534459554124155,0.9740635643833945
distressed_inverted,0.16666666666666666,31.534459554124155,0.9487998274592832
distressed_inverted,0.25,31.534459554124155,0.924191341821339
distressed_inverted,0.3333333333333333,25.48785777556543,0.9040569553238583
distressed_inverted,0.4166666666666667,25.48785777556543,0.8850573813633212
distressed_inverted,0.5,25.48785777556543,0.8664571006204913
distressed_inverted,0.5833333333333334,25.48785777556543,0.8482477215875361
distressed_inverted,0.6666666666666666,25.48785777556543,0.8304210291117439
distressed_inverted,0.75,25.48785777556543,0.8129689806892615
distressed_inverted,0.8333333333333334,17.87011346344742,0.8002420111371465
distressed_inverted,0.9166666666666666,17.87011346344742,0.788413292018183
distressed_inverted,1.0,17.87011346344742,0.7767594182510605
distressed_inverted,1.0833333333333333,17.87011346344742,0.7652778053719204
distressed_inverted,1.1666666666666667,17.87011346344742,0.753965907118968
distressed_inverted,1.25,17.87011346344742,0.7428212148677931
distressed_inverted,1.3333333333333333,17.87011346344742,0.7318412570750341
distressed_inverted,1.4166666666666667,17.87011346344742,0.7210235987302686
distressed_inverted,1.5,17.87011346344742,0.7103658408160031
distressed_inverted,1.5833333333333333,17.87011346344742,0.6998656197756473
distressed_inverted,1.6666666666666667,17.87011346344742,0.6895206069893507
distressed_inverted,1.75,17.87011346344742,0.6793285082575878
distressed_inverted,1.8333333333333333,9.961717513358554,0.6729465339657781
distressed_inverted,1.9166666666666667,9.961717513358554,0.6673832381793552
distressed_inverted,2.0,9.961717513358554,0.6618659345460158
distressed_inverted,2.0833333333333335,9.961717513358554,0.6563942428454328
distressed_inverted,2.1666666666666665,9.961717513358554,0.6509677860005865
distressed_inverted,2.25,9.961717513358554,0.6455861900517792
distressed_inverted,2.3333333333333335,9.961717513358554,0.6402490841308645
distressed_inverted,2.4166666666666665,9.961717513358554,0.6349561004356881
distressed_inverted,2.5,9.961717513358554,0.629706874204742
distressed_inverted,2.5833333333333335,9.961717513358554,0.6245010436920271
distressed_inverted,2.6666666666666665,9.961717513358554,0.6193382501421235
distressed_inverted,2.75,9.961717513358554,0.6142181377654671
distressed_inverted,2.8333333333333335,9.665770683597524,0.6092646643263462
distressed_inverted,2.9166666666666665,9.665770683597524,0.6043768654534359
distressed_inverted,3.0,9.665770683597524,0.5995282787312065
distressed_inverted,3.0833333333333335,9.665770683597524,0.5947185895819099
distressed_inverted,3.1666666666666665,9.665770683597524,0.5899474859514847
distressed_inverted,3.25,9.665770683597524,0.5852146582893091
distressed_inverted,3.3333333333333335,9.665770683597524,0.5805197995281174
distressed_inverted,3.4166666666666665,9.665770683597524,0.5758626050640778
distressed_inverted,3.5,9.665770683597524,0.571242772737029
distressed_inverted,3.5833333333333335,9.665770683597524,0.5666600028108765
distressed_inverted,3.6666666666666665,9.665770683597524,0.5621139979541452
distressed_inverted,3.75,9.665770683597524,0.5576044632206888
distressed_inverted,3.8333333333333335,4.733508491278455,0.5550153873812013
distressed_inverted,3.9166666666666665,4.733508491278455,0.55283039129754
distressed_inverted,4.0,4.733508491278455,0.5506539971517604
distressed_inverted,4.083333333333333,4.733508491278455,0.5484861710795751
distressed_inverted,4.166666666666667,4.733508491278455,0.5463268793500142
distressed_inverted,4.25,4.733508491278455,0.544176088364901
distressed_inverted,4.333333333333333,4.733508491278455,0.5420337646583282
distressed_inverted,4.416666666666667,4.733508491278455,0.5398998748961383
distressed_inverted,4.5,4.733508491278455,0.537774385875404
distressed_inverted,4.583333333333333,4.733508491278455,0.5356572645239126
distressed_inverted,4.666666666666667,4.733508491278455,0.5335484778996499
distressed_inverted,4.75,4.733508491278455,0.5314479931902891
distressed_inverted,4.833333333333333,6.099480800300288,0.5288574467353452
distressed_inverted,4.916666666666667,6.099480800300288,0.526176137054842
distressed_inverted,5.0,6.099480800300288,0.5235084216267165
distressed_inverted,5.083333333333333,6.099480800300288,0.5208542315280469
distressed_inverted,5.166666666666667,6.099480800300288,0.5182134981853507
distressed_inverted,5.25,6.099480800300288,0.5155861533728134
distressed_inverted,5.333333333333333,6.099480800300288,0.5129721292105259
distressed_inverted,5.416666666666667,6.099480800300288,0.51037135816273
distressed_inverted,5.5,6.099480800300288,0.5077837730360748
distressed_inverted,5.583333333333333,6.099480800300288,0.5052093069778792
distressed_inverted,5.666666666666667,6.099480800300288,0.5026478934744064
distressed_inverted,5.75,6.099480800300288,0.5000994663491438
distressed_inverted,5.833333333333333,6.099480800300288,0.4975639597610945
distressed_inverted,5.916666666666667,6.099480800300288,0.4950413082030754
distressed_inverted,6.0,6.099480800300288,0.4925314465000254
distressed_inverted,6.083333333333333,6.099480800300288,0.4900343098073211
distressed_inverted,6.166666666666667,6.099480800300288,0.48754983360910165
distressed_inverted,6.25,6.099480800300288,0.485077953716602
distressed_inverted,6.333333333333333,6.099480800300288,0.4826186062664944
distressed_inverted,6.416666666666667,6.099480800300288,0.4801717277192384
distressed_inverted,6.5,6.099480800300288,0.47773725485743934
distressed_inverted,6.583333333333333,6.099480800300288,0.4753151247842151
distressed_inverted,6.666666666666667,6.099480800300288,0.472905274921571
distressed_inverted,6.75,6.099480800300288,0.470507643008783
distressed_inverted,6.833333333333333,6.693340037566934,0.46793814023393276
distressed_inverted,6.916666666666667,6.693340037566934,0.46533534831249246
distressed_inverted,7.0,6.693340037566934,0.4627470337871091
distressed_inverted,7.083333333333333,6.693340037566934,0.46017311613079365
distressed_inverted,7.166666666666667,6.693340037566934,0.45761351526446875
distressed_inverted,7.25,6.693340037566934,0.4550681515544775
distressed_inverted,7.333333333333333,6.693340037566934,0.45253694581010573
distressed_inverted,7.416666666666667,6.693340037566934,0.45001981928111845
distressed_inverted,7.5,6.693340037566934,0.44751669365530955
distressed_inverted,7.583333333333333,6.693340037566934,0.44502749105606554
distressed_inverted,7.666666666666667,6.693340037566934,0.4425521340399426
distressed_inverted,7.75,6.693340037566934,0.4400905455942573
distressed_inverted,7.833333333333333,6.693340037566934,0.43764264913469036
distressed_inverted,7.916666666666667,6.693340037566934,0.4352083685029042
distressed_inverted,8.0,6.693340037566934,0.4327876279641734
distressed_inverted,8.083333333333334,6.693340037566934,0.43038035220502857
distressed_inverted,8.166666666666666,6.693340037566934,0.42798646633091314
distressed_inverted,8.25,6.693340037566934,0.4256058958638531
distressed_inverted,8.333333333333334,6.693340037566934,0.42323856674014027
distressed_inverted,8.416666666666666,6.693340037566934,0.4208844053080278
distressed_inverted,8.5,6.693340037566934,0.4185433383254384
distressed_inverted,8.583333333333334,6.693340037566934,0.41621529295768633
distressed_inverted,8.666666666666666,6.693340037566934,0.41390019677521106
distressed_inverted,8.75,6.693340037566934,0.4115979777513236
distressed_inverted,8.833333333333334,6.693340037566934,0.4093085642599661
distressed_inverted,8.916666666666666,6.693340037566934,0.4070318850734831
distressed_inverted,9.0,6.693340037566934,0.4047678693604056
distressed_inverted,9.083333333333334,6.693340037566934,0.4025164466832475
distressed_inverted,9.166666666666666,6.693340037566934,0.40027754699631396
distressed_inverted,9.25,6.693340037566934,0.3980511006435223
distressed_inverted,9.333333333333334,6.693340037566934,0.39583703835623485
distressed_inverted,9.416666666666666,6.693340037566934,0.39363529125110386
distressed_inverted,9.5,6.693340037566934,0.3914457908279283
distressed_inverted,9.583333333333334,6.693340037566934,0.389268468967523
distressed_inverted,9.666666666666666,6.693340037566934,0.3871032579295991
distressed_inverted,9.75,6.693340037566934,0.3849500903506565
distressed_inverted,9.833333333333334,6.693340037566934,0.3828088992418884
distressed_inverted,9.916666666666666,6.693340037566934,0.3806796179870966
distressed_inverted,10.0,6.693340037566934,0.37856218034061956
